{
  "SchemaVersion": "2.0",
  "GeneralInformation": {
    "MinSdkVersion": "21.0000.0000",
    "DriverVersion": "1.0000.0000",
    "DeviceType": "Platform",
    "Manufacturer": "Paramount",
    "BaseModel": "HassClimate",
    "OtherSupportedModels": [],
    "SupportedSeries": [ "3-Series", "4-Series" ],
    "DependencyGroup": "",
    "Developer": {
      "Company": "Paramount",
      "Contact": "Ben",
      "Email": "you@example.com",
      "Website": "",
      "PhoneNumber": ""
    }
  },
  "ConfigurationSteps": {
    "Items": [
      {
        "Id": "_Host_",
        "UsageContext": "Network.Address",
        "Title": "Home Assistant Host",
        "Required": true,
        "Persistent": true,
        "ValueType": "String",
        "DefaultValue": "parahass.ddns.me"
      },
      {
        "Id": "_Port_",
        "UsageContext": "Network.Port",
        "Title": "Port",
        "Required": true,
        "Persistent": true,
        "ValueType": "Number",
        "MinValue": 1,
        "MaxValue": 65535,
        "DefaultValue": 8123
      },
      {
        "Id": "_Secure_",
        "UsageContext": "Generic.Toggle",
        "Title": "Use TLS (wss)",
        "Required": true,
        "Persistent": true,
        "ValueType": "Boolean",
        "DefaultValue": false
      },
      {
        "Id": "_Path_",
        "UsageContext": "Generic.Prompt",
        "Title": "Path",
        "Required": true,
        "Persistent": true,
        "ValueType": "String",
        "DefaultValue": "/api/websocket"
      },
      {
        "Id": "_Token_",
        "UsageContext": "Generic.Prompt",
        "Title": "Long-Lived Token",
        "Required": true,
        "Persistent": true,
        "ValueType": "String"
      }
    ],
    "Steps": [
      {
        "StepId": "Hass",
        "Items": [ "_Host_", "_Port_", "_Secure_", "_Path_", "_Token_" ],
        "NextStep": null
      }
    ],
    "FirstStep": "Hass"
  }

}
